title,canonical_title,category,gender,wiki,trends,youtube,spotify,prior_total_tickets,prior_run_count,ticket_median_prior,years_since_last_run,is_remount_recent,is_remount_medium,run_count_prior,month_of_opening,holiday_flag,target_ticket_median
A Streetcar Named Desire,a streetcar named desire,adult_literary_drama,female,70,28,80,55,0.0,0.0,0.0,10.0,0,0,0,,0,0.0
Addams Family,addams family,pop_ip,male,83,26,95,76,0.0,0.0,0.0,10.0,0,0,0,,0,0.0
After the Rain,after the rain,contemporary,co,54,18,68,48,0.0,0.0,0.0,10.0,0,0,0,,0,0.0
Aladdin,aladdin,family_classic,male,80,42,98,78,0.0,0.0,0.0,10.0,0,0,0,,0,0.0
Alice in Wonderland,alice in wonderland,family_classic,female,83,38,96,68,5812.0,1.0,5812.0,8.684462696783026,0,0,1,3.0,0,5812.0
All of Us - Tragically Hip,all of us - tragically hip,pop_ip,co,70,52,71,75,7430.0,1.0,7430.0,7.553730321697468,0,0,1,5.0,0,7430.0
Apollo,apollo,contemporary,male,58,20,70,42,0.0,0.0,0.0,10.0,0,0,0,,0,0.0
Appalachian Spring,appalachian spring,contemporary,female,60,16,74,52,0.0,0.0,0.0,10.0,0,0,0,,0,0.0
Artifact,artifact,contemporary_mixed_bill,co,50,14,60,35,0.0,0.0,0.0,10.0,0,0,0,,0,0.0
Away We Go – Mixed Bill,away we go - mixed bill,contemporary_mixed_bill,female,85,46,98,56,2174.0,1.0,2174.0,3.0691307323750854,0,1,1,11.0,1,2174.0
BJM - Leonard Cohen,bjm - leonard cohen,pop_ip,co,40,38,100,68,0.0,0.0,0.0,7.189596167008898,0,0,1,9.0,0,0.0
Balanchine,balanchine,contemporary_mixed_bill,co,47,82,53,0,0.0,0.0,0.0,10.0,0,0,0,,0,0.0
Ballet BC,ballet bc,touring_contemporary_company,co,35,18,54,45,1926.0,1.0,1926.0,6.852840520191649,0,0,1,1.0,1,1926.0
Ballet Boyz,ballet boyz,touring_contemporary_company,male,33,22,84,34,3670.0,1.0,3670.0,8.761122518822724,0,0,1,2.0,0,3670.0
Beauty and the Beast,beauty and the beast,family_classic,female,75,40,100,83,0.0,0.0,0.0,10.0,0,0,0,,0,0.0
Beethoven,beethoven,contemporary,co,88,18,100,55,0.0,0.0,0.0,10.0,0,0,0,,0,0.0
Billy the Kid,billy the kid,contemporary,male,52,18,65,45,0.0,0.0,0.0,10.0,0,0,0,,0,0.0
Botero,botero,contemporary,male,70,12,87,49,1944.0,1.0,1944.0,2.5516769336071183,0,1,1,5.0,0,1944.0
Caravaggio,caravaggio,adult_literary_drama,male,81,20,85,45,0.0,0.0,0.0,10.0,0,0,0,,0,0.0
Carmen,carmen,romantic_tragedy,female,82,38,92,75,0.0,0.0,0.0,10.0,0,0,0,,0,0.0
Carmina Burana,carmina burana,adult_literary_drama,female,68,28,100,55,0.0,0.0,0.0,10.0,0,0,0,,0,0.0
Charlie Chaplin,charlie chaplin,family_classic,male,93,30,100,41,0.0,0.0,0.0,10.0,0,0,0,,0,0.0
Chroma,chroma,contemporary_mixed_bill,co,48,14,60,38,0.0,0.0,0.0,10.0,0,0,0,,0,0.0
Cinderella,cinderella,family_classic,female,80,20,100,72,13772.0,2.0,6886.0,3.5482546201232035,0,1,1,5.0,0,6886.0
Complexions - Lenny Kravitz,complexions - lenny kravitz,pop_ip,co,37,54,60,79,3412.0,1.0,3412.0,2.7816563997262147,0,1,1,2.0,0,3412.0
Contact,contact,contemporary,co,58,22,70,55,0.0,0.0,0.0,10.0,0,0,0,,0,0.0
Contemporary Classical,contemporary classical,contemporary_mixed_bill,co,65,44,90,58,0.0,0.0,0.0,10.0,0,0,0,,0,0.0
Coppelia,coppelia,classic_comedy,female,68,16,85,50,0.0,0.0,0.0,10.0,0,0,0,,0,0.0
Dance Theatre of Harlem,dance theatre of harlem,touring_contemporary_company,co,48,46,70,84,2856.0,1.0,2856.0,0.7693360711841205,1,0,1,2.0,0,2856.0
Dangerous Liaisons,dangerous liaisons,adult_literary_drama,co,75,36,79,36,3423.0,1.0,3423.0,8.071184120465434,0,0,1,11.0,1,3423.0
Der Wolf,der wolf,contemporary,female,19,16,81,45,0.0,0.0,0.0,1.5550992470910336,1,0,1,5.0,0,0.0
Diavolo,diavolo,touring_contemporary_company,co,46,14,89,50,5122.0,1.0,5122.0,5.856262833675565,0,0,1,1.0,1,5122.0
Die Fledermaus,die fledermaus,family_classic,female,69,28,86,47,0.0,0.0,0.0,10.0,0,0,0,,0,0.0
Don Quixote,don quixote,classic_comedy,co,85,22,84,61,1886.0,1.0,1886.0,0.5585215605749486,1,0,1,5.0,0,1886.0
Dona Peron,dona peron,adult_literary_drama,female,83,20,53,11,2313.0,1.0,2313.0,2.187542778918549,0,1,1,9.0,0,2313.0
Dracula,dracula,romantic_tragedy,male,83,14,99,86,5275.0,1.0,5275.0,9.067761806981519,0,0,1,11.0,1,5275.0
Emma Bovary,emma bovary,adult_literary_drama,female,75,22,82,25,0.0,0.0,0.0,10.0,0,0,0,,0,0.0
Fiddle & the Drum – Joni Mitchell,fiddle the drum - joni mitchell,pop_ip,co,44,66,68,25,0.0,0.0,0.0,10.0,0,0,0,,0,0.0
Frankenstein,frankenstein,adult_literary_drama,male,85,24,92,69,5164.0,1.0,5164.0,6.078028747433265,0,0,1,11.0,1,5164.0
Giselle,giselle,romantic_tragedy,female,74,14,89,62,3975.0,1.0,3975.0,2.6858316221765914,0,1,1,3.0,0,3975.0
Great Gatsby,great gatsby,adult_literary_drama,male,87,24,100,69,0.0,0.0,0.0,10.0,0,0,0,,0,0.0
Grimm,grimm,family_classic,female,50,10,89,54,2978.0,1.0,2978.0,1.0951403148528405,1,0,1,10.0,0,2978.0
Handmaid's Tale,handmaid's tale,adult_literary_drama,female,82,30,86,37,3304.0,1.0,3304.0,3.184120465434634,0,1,1,9.0,0,3304.0
Hansel & Gretel,hansel gretel,family_classic,co,79,30,94,58,3209.0,1.0,3209.0,1.6892539356605065,1,0,1,3.0,0,3209.0
In the Middle Somewhat Elevated,in the middle somewhat elevated,contemporary,co,55,18,70,45,0.0,0.0,0.0,10.0,0,0,0,,0,0.0
In the Upper Room,in the upper room,contemporary,co,56,16,68,45,0.0,0.0,0.0,10.0,0,0,0,,0,0.0
Infra,infra,contemporary,co,50,16,62,40,0.0,0.0,0.0,10.0,0,0,0,,0,0.0
Jewels,jewels,contemporary_mixed_bill,co,62,18,72,45,0.0,0.0,0.0,10.0,0,0,0,,0,0.0
Jungle Book,jungle book,family_classic,male,76,22,100,59,0.0,0.0,0.0,10.0,0,0,0,,0,0.0
La Bayadere,la bayadere,romantic_tragedy,female,62,22,75,37,0.0,0.0,0.0,10.0,0,0,0,,0,0.0
La Fille mal gardée,la fille mal gardee,classic_comedy,female,59,38,82,47,0.0,0.0,0.0,10.0,0,0,0,,0,0.0
La Sylphide,la sylphide,romantic_tragedy,co,61,22,67,30,2438.0,1.0,2438.0,1.1909650924024642,1,0,1,9.0,0,2438.0
La Traviata,la traviata,adult_literary_drama,female,76,24,88,62,0.0,0.0,0.0,10.0,0,0,0,,0,0.0
Lady Chatterley's Lover,lady chatterley's lover,adult_literary_drama,female,78,46,87,79,0.0,0.0,0.0,10.0,0,0,0,,0,0.0
Lady Macbeth,lady macbeth,adult_literary_drama,female,72,24,77,35,0.0,0.0,0.0,10.0,0,0,0,,0,0.0
Le Corsaire,le corsaire,romantic_tragedy,male,68,18,75,42,0.0,0.0,0.0,10.0,0,0,0,,0,0.0
Les Sylphides,les sylphides,romantic_tragedy,female,58,14,70,40,0.0,0.0,0.0,10.0,0,0,0,,0,0.0
Love in the Time of Cholera,love in the time of cholera,adult_literary_drama,male,73,54,84,100,0.0,0.0,0.0,10.0,0,0,0,,0,0.0
Manon,manon,romantic_tragedy,female,70,22,78,55,0.0,0.0,0.0,10.0,0,0,0,,0,0.0
Mayerling,mayerling,adult_literary_drama,male,62,18,70,48,0.0,0.0,0.0,10.0,0,0,0,,0,0.0
Midsummer Night’s Dream,midsummer nights dream,classic_romance,male,82,46,79,47,0.0,0.0,0.0,10.0,0,0,0,,0,0.0
Momix,momix,touring_contemporary_company,co,48,10,70,3,4175.0,1.0,4175.0,7.770020533880904,0,0,1,2.0,0,4175.0
Movin' Out,movin' out,pop_ip,male,72,35,85,78,0.0,0.0,0.0,10.0,0,0,0,,0,0.0
Nijinsky,nijinsky,contemporary,male,70,16,69,2,1322.0,1.0,1322.0,0.09856262833675565,1,0,1,10.0,0,1322.0
Once Upon a Time,once upon a time,family_classic,co,59,32,68,87,3409.0,1.0,3409.0,0.1943874058863792,1,0,1,9.0,0,3409.0
Onegin,onegin,romantic_tragedy,male,72,26,82,58,0.0,0.0,0.0,10.0,0,0,0,,0,0.0
Opera - the Ballet,opera - the ballet,contemporary_mixed_bill,female,44,36,55,32,0.0,0.0,0.0,10.0,0,0,0,,0,0.0
Othello,othello,adult_literary_drama,male,81,14,75,44,0.0,0.0,0.0,10.0,0,0,0,,0,0.0
Our Canada - Gordon Lightfoot,our canada - gordon lightfoot,pop_ip,co,81,58,92,72,4853.0,1.0,4853.0,8.550308008213552,0,0,1,5.0,0,4853.0
Paquita,paquita,classic_romance,female,52,10,62,32,0.0,0.0,0.0,10.0,0,0,0,,0,0.0
Peter Pan,peter pan,family_classic,male,81,18,90,70,0.0,0.0,0.0,10.0,0,0,0,,0,0.0
Phi – David Bowie,phi - david bowie,pop_ip,male,71,34,75,78,5752.0,1.0,5752.0,3.701574264202601,0,1,1,3.0,0,5752.0
Pinocchio,pinocchio,family_classic,male,80,18,88,46,0.0,0.0,0.0,10.0,0,0,0,,0,0.0
Polyphonia,polyphonia,contemporary_mixed_bill,co,48,12,58,38,0.0,0.0,0.0,10.0,0,0,0,,0,0.0
Pulcinella,pulcinella,classic_comedy,male,68,20,70,36,0.0,0.0,0.0,10.0,0,0,0,,0,0.0
Push Comes to Shove,push comes to shove,contemporary,male,52,14,62,42,0.0,0.0,0.0,10.0,0,0,0,,0,0.0
Raymonda,raymonda,classic_romance,female,55,12,65,35,0.0,0.0,0.0,10.0,0,0,0,,0,0.0
Rite of Spring,rite of spring,contemporary,co,74,28,82,43,0.0,0.0,0.0,1.5550992470910336,1,0,1,5.0,0,0.0
Rodeo,rodeo,pop_ip,co,54,20,68,48,0.0,0.0,0.0,10.0,0,0,0,,0,0.0
Romeo and Juliet,romeo and juliet,romantic_tragedy,co,86,32,95,80,0.0,0.0,0.0,10.0,0,0,0,,0,0.0
Serenade,serenade,contemporary,co,54,16,68,38,0.0,0.0,0.0,10.0,0,0,0,,0,0.0
Shaping Sound,shaping sound,touring_contemporary_company,male,49,26,75,40,4893.0,1.0,4893.0,7.860369609856263,0,0,1,1.0,1,4893.0
Sinatra Suite,sinatra suite,pop_ip,male,65,28,78,72,0.0,0.0,0.0,10.0,0,0,0,,0,0.0
Slava's Snow Show,slava's snow show,family_classic,male,54,34,78,84,0.0,0.0,0.0,10.0,0,0,0,,0,0.0
Sleeping Beauty,sleeping beauty,classic_romance,female,77,30,92,70,9072.0,2.0,4536.0,2.0725530458590007,0,1,1,11.0,1,4536.0
Swan Lake,swan lake,romantic_tragedy,female,80,18,95,71,5701.0,1.0,5701.0,4.0629705681040384,0,0,1,11.0,1,5701.0
Taj Express,taj express,touring_contemporary_company,male,44,22,72,42,4761.0,1.0,4761.0,6.193018480492813,0,0,1,9.0,0,4761.0
Tango Fire,tango fire,touring_contemporary_company,co,72,20,78,52,3353.0,1.0,3353.0,8.172484599589323,0,0,1,9.0,0,3353.0
The Catherine Wheel,the catherine wheel,contemporary,female,48,12,58,38,0.0,0.0,0.0,10.0,0,0,0,,0,0.0
The Firebird,the firebird,romantic_tragedy,female,74,22,85,48,0.0,0.0,0.0,10.0,0,0,0,,0,0.0
The Four Temperaments,the four temperaments,contemporary,co,48,12,55,30,0.0,0.0,0.0,10.0,0,0,0,,0,0.0
The Great Gatsby (2024),the great gatsby 2024,adult_literary_drama,male,85,32,92,68,0.0,0.0,0.0,10.0,0,0,0,,0,0.0
The Lady of the Camellias,the lady of the camellias,adult_literary_drama,female,65,20,75,52,0.0,0.0,0.0,10.0,0,0,0,,0,0.0
The Leaves Are Fading,the leaves are fading,contemporary_mixed_bill,co,48,10,55,35,0.0,0.0,0.0,10.0,0,0,0,,0,0.0
The Little Mermaid,the little mermaid,family_classic,female,78,35,95,72,0.0,0.0,0.0,10.0,0,0,0,,0,0.0
The Merry Widow,the merry widow,classic_comedy,female,65,30,75,36,0.0,0.0,0.0,10.0,0,0,0,,0,0.0
The Snow Queen,the snow queen,family_classic,female,70,28,82,58,0.0,0.0,0.0,10.0,0,0,0,,0,0.0
The Stone Angel,the stone angel,adult_literary_drama,female,57,30,60,78,0.0,0.0,0.0,10.0,0,0,0,,0,0.0
The Taming of the Shrew,the taming of the shrew,classic_comedy,male,68,24,75,45,0.0,0.0,0.0,10.0,0,0,0,,0,0.0
The Times They Are A-Changin',the times they are a-changin',pop_ip,co,60,25,72,68,0.0,0.0,0.0,10.0,0,0,0,,0,0.0
The Two Pigeons,the two pigeons,classic_romance,co,52,12,60,35,0.0,0.0,0.0,10.0,0,0,0,,0,0.0
The Vertiginous Thrill of Exactitude,the vertiginous thrill of exactitude,contemporary_mixed_bill,co,46,12,55,32,0.0,0.0,0.0,10.0,0,0,0,,0,0.0
Theme and Variations,theme and variations,contemporary_mixed_bill,co,50,14,58,34,0.0,0.0,0.0,10.0,0,0,0,,0,0.0
Trockadero,trockadero,touring_contemporary_company,male,56,20,80,59,2614.0,1.0,2614.0,8.876112251882272,0,0,1,1.0,1,2614.0
Unleashed – Mixed Bill,unleashed - mixed bill,contemporary_mixed_bill,co,54,44,60,64,2564.0,1.0,2564.0,5.771389459274469,0,0,1,2.0,0,2564.0
West Side Story Suite,west side story suite,pop_ip,co,78,42,92,82,0.0,0.0,0.0,10.0,0,0,0,,0,0.0
Who Cares?,who cares,pop_ip,co,56,22,72,55,0.0,0.0,0.0,10.0,0,0,0,,0,0.0
Winter Dreams,winter dreams,contemporary,female,55,14,65,42,0.0,0.0,0.0,10.0,0,0,0,,0,0.0
Winter Gala,winter gala,contemporary_mixed_bill,co,74,22,65,41,1024.0,2.0,512.0,0.8459958932238193,1,0,1,1.0,1,512.0
Within the Golden Hour,within the golden hour,contemporary_mixed_bill,co,52,15,65,45,0.0,0.0,0.0,10.0,0,0,0,,0,0.0
Wizard of Oz,wizard of oz,family_classic,female,60,30,85,64,3498.0,1.0,3498.0,0.6926762491444216,1,0,1,3.0,0,3498.0
Woolf Works,woolf works,contemporary,female,52,16,65,42,0.0,0.0,0.0,10.0,0,0,0,,0,0.0
deViate - Mixed Bill,deviate - mixed bill,contemporary_mixed_bill,co,77,40,70,64,2562.0,1.0,2562.0,6.787132101300479,0,0,1,2.0,0,2562.0
A Month in the Country,a month in the country,romantic_tragedy,female,59,44,65,70,0.0,0.0,0.0,10.0,0,0,0,,0,0.0
Adagio Hammerklavier,adagio hammerklavier,contemporary,co,26,40,55,45,0.0,0.0,0.0,10.0,0,0,0,,0,0.0
AftA,afta,contemporary,co,35,8,45,82,0.0,0.0,0.0,10.0,0,0,0,,0,0.0
Afternoon of a Faun,afternoon of a faun,contemporary,male,56,38,72,80,0.0,0.0,0.0,10.0,0,0,0,,0,0.0
Agon,agon,contemporary,co,58,3,62,65,0.0,0.0,0.0,10.0,0,0,0,,0,0.0
Allegro Brillante,allegro brillante,contemporary,co,37,34,58,52,0.0,0.0,0.0,10.0,0,0,0,,0,0.0
Anastasia,anastasia,adult_literary_drama,female,65,56,75,66,0.0,0.0,0.0,10.0,0,0,0,,0,0.0
Angels' Atlas,angels' atlas,contemporary,co,33,26,55,61,0.0,0.0,0.0,10.0,0,0,0,,0,0.0
Anna Karenina,anna karenina,adult_literary_drama,female,82,3,72,68,0.0,0.0,0.0,10.0,0,0,0,,0,0.0
Approximate Sonata,approximate sonata,contemporary,co,45,36,52,44,0.0,0.0,0.0,10.0,0,0,0,,0,0.0
Artifact Suite,artifact suite,contemporary,co,58,28,58,45,0.0,0.0,0.0,10.0,0,0,0,,0,0.0
Autobiography,autobiography,contemporary,co,72,47,50,58,0.0,0.0,0.0,10.0,0,0,0,,0,0.0
Ballet Imperial,ballet imperial,contemporary,co,60,2,60,37,0.0,0.0,0.0,10.0,0,0,0,,0,0.0
Bella Figura,bella figura,contemporary,co,39,24,58,72,0.0,0.0,0.0,10.0,0,0,0,,0,0.0
Betroffenheit,betroffenheit,contemporary,co,53,26,62,6,0.0,0.0,0.0,10.0,0,0,0,,0,0.0
Birthday Offering,birthday offering,contemporary,co,29,34,55,38,0.0,0.0,0.0,10.0,0,0,0,,0,0.0
Black Cake,black cake,contemporary,co,70,47,48,61,0.0,0.0,0.0,10.0,0,0,0,,0,0.0
Blake Works,blake works,contemporary,co,38,22,55,34,0.0,0.0,0.0,10.0,0,0,0,,0,0.0
Blanche Neige,blanche neige,family_classic,female,39,26,65,45,0.0,0.0,0.0,10.0,0,0,0,,0,0.0
Body and Soul,body and soul,contemporary,co,75,7,52,84,0.0,0.0,0.0,10.0,0,0,0,,0,0.0
Brandenburg,brandenburg,contemporary,co,74,3,55,45,0.0,0.0,0.0,10.0,0,0,0,,0,0.0
Carbon Life,carbon life,contemporary,co,60,3,52,45,0.0,0.0,0.0,10.0,0,0,0,,0,0.0
Charlotte's Web,charlotte's web,family_classic,female,77,30,72,47,0.0,0.0,0.0,10.0,0,0,0,,0,0.0
Chopiniana,chopiniana,romantic_tragedy,female,57,20,68,47,0.0,0.0,0.0,10.0,0,0,0,,0,0.0
Concerto (MacMillan),concerto macmillan,contemporary,co,17,40,55,42,0.0,0.0,0.0,10.0,0,0,0,,0,0.0
Concerto Barocco,concerto barocco,contemporary,co,39,32,62,54,0.0,0.0,0.0,10.0,0,0,0,,0,0.0
Concerto DSCH,concerto dsch,contemporary,co,30,26,55,56,0.0,0.0,0.0,10.0,0,0,0,,0,0.0
Dances at a Gathering,dances at a gathering,contemporary,co,40,42,65,74,0.0,0.0,0.0,10.0,0,0,0,,0,0.0
Daphnis and Chloé,daphnis and chloe,romantic_tragedy,co,61,34,68,47,0.0,0.0,0.0,10.0,0,0,0,,0,0.0
Dark Matters,dark matters,contemporary,co,82,24,58,47,0.0,0.0,0.0,10.0,0,0,0,,0,0.0
Death in Venice,death in venice,adult_literary_drama,male,70,2,60,74,0.0,0.0,0.0,10.0,0,0,0,,0,0.0
Deep Field,deep field,contemporary,co,63,4,48,48,0.0,0.0,0.0,10.0,0,0,0,,0,0.0
Divertimento No. 15,divertimento no 15,contemporary,co,13,38,55,85,0.0,0.0,0.0,10.0,0,0,0,,0,0.0
Duende,duende,contemporary,co,71,2,55,74,0.0,0.0,0.0,10.0,0,0,0,,0,0.0
Dybbuk,dybbuk,adult_literary_drama,co,71,12,52,63,0.0,0.0,0.0,10.0,0,0,0,,0,0.0
Elite Syncopations,elite syncopations,contemporary,co,42,2,58,27,0.0,0.0,0.0,10.0,0,0,0,,0,0.0
Emergence,emergence,contemporary,co,71,9,62,75,0.0,0.0,0.0,10.0,0,0,0,,0,0.0
Enemy in the Figure,enemy in the figure,contemporary,co,80,38,55,67,0.0,0.0,0.0,10.0,0,0,0,,0,0.0
Enigma Variations,enigma variations,adult_literary_drama,co,67,34,62,53,0.0,0.0,0.0,10.0,0,0,0,,0,0.0
Episodes,episodes,contemporary,co,40,70,55,49,0.0,0.0,0.0,10.0,0,0,0,,0,0.0
Etudes (Lander),etudes lander,contemporary,co,40,2,60,38,0.0,0.0,0.0,10.0,0,0,0,,0,0.0
Façade,facade,classic_comedy,co,70,2,58,46,0.0,0.0,0.0,10.0,0,0,0,,0,0.0
Falling Angels,falling angels,contemporary,female,57,28,60,64,0.0,0.0,0.0,10.0,0,0,0,,0,0.0
Fancy Free,fancy free,contemporary,male,67,2,72,70,0.0,0.0,0.0,10.0,0,0,0,,0,0.0
Five Tangos,five tangos,contemporary,co,36,2,50,11,0.0,0.0,0.0,10.0,0,0,0,,0,0.0
Flight Pattern,flight pattern,contemporary,co,35,3,58,53,0.0,0.0,0.0,10.0,0,0,0,,0,0.0
Flower Festival in Genzano,flower festival in genzano,classic_romance,co,38,52,62,50,0.0,0.0,0.0,10.0,0,0,0,,0,0.0
Forgotten Land (Kylián),forgotten land kylian,contemporary,co,48,46,55,84,0.0,0.0,0.0,10.0,0,0,0,,0,0.0
Four Seasons (Kudelka),four seasons kudelka,contemporary,co,37,44,58,78,0.0,0.0,0.0,10.0,0,0,0,,0,0.0
Glass Pieces,glass pieces,contemporary,co,39,3,58,56,0.0,0.0,0.0,10.0,0,0,0,,0,0.0
Gloria (MacMillan),gloria macmillan,contemporary,co,32,36,55,57,0.0,0.0,0.0,10.0,0,0,0,,0,0.0
Goldberg Variations,goldberg variations,contemporary,co,68,2,70,63,0.0,0.0,0.0,10.0,0,0,0,,0,0.0
Gone (Rhoden),gone rhoden,contemporary,co,38,26,48,50,0.0,0.0,0.0,10.0,0,0,0,,0,0.0
Grand Pas de Deux Esmeralda,grand pas de deux esmeralda,classic_romance,female,55,54,65,41,0.0,0.0,0.0,10.0,0,0,0,,0,0.0
Grosse Fuge,grosse fuge,contemporary,co,57,22,52,52,0.0,0.0,0.0,10.0,0,0,0,,0,0.0
Harlequinade,harlequinade,classic_comedy,co,62,24,62,53,0.0,0.0,0.0,10.0,0,0,0,,0,0.0
Herman Schmerman,herman schmerman,contemporary,co,54,2,45,0,0.0,0.0,0.0,10.0,0,0,0,,0,0.0
Illuminations,illuminations,contemporary,co,30,2,52,47,0.0,0.0,0.0,10.0,0,0,0,,0,0.0
In G Major,in g major,contemporary,co,69,4,55,78,0.0,0.0,0.0,10.0,0,0,0,,0,0.0
In the Night,in the night,contemporary,co,24,76,65,100,0.0,0.0,0.0,10.0,0,0,0,,0,0.0
In This Vessel,in this vessel,contemporary,co,52,2,45,58,0.0,0.0,0.0,10.0,0,0,0,,0,0.0
Initials R.B.M.E.,initials rbme,contemporary,co,22,34,50,63,0.0,0.0,0.0,10.0,0,0,0,,0,0.0
Interplay,interplay,contemporary,co,69,4,58,68,0.0,0.0,0.0,10.0,0,0,0,,0,0.0
Jardí Tancat,jardi tancat,contemporary,co,56,24,52,24,0.0,0.0,0.0,10.0,0,0,0,,0,0.0
Jewels: Diamonds,jewels diamonds,contemporary,co,61,2,65,71,0.0,0.0,0.0,10.0,0,0,0,,0,0.0
Jewels: Emeralds,jewels emeralds,contemporary,co,52,32,60,53,0.0,0.0,0.0,10.0,0,0,0,,0,0.0
Jewels: Rubies,jewels rubies,contemporary,co,52,28,62,36,0.0,0.0,0.0,10.0,0,0,0,,0,0.0
Khepera,khepera,contemporary,co,67,14,48,37,0.0,0.0,0.0,10.0,0,0,0,,0,0.0
La Boutique fantasque,la boutique fantasque,classic_comedy,co,48,42,58,62,0.0,0.0,0.0,10.0,0,0,0,,0,0.0
La Esmeralda,la esmeralda,romantic_tragedy,female,26,24,65,41,0.0,0.0,0.0,10.0,0,0,0,,0,0.0
La Source,la source,classic_romance,female,38,3,55,62,0.0,0.0,0.0,10.0,0,0,0,,0,0.0
La Valse,la valse,contemporary,co,54,16,62,64,0.0,0.0,0.0,10.0,0,0,0,,0,0.0
La Vivandière,la vivandiere,classic_comedy,female,35,26,52,32,0.0,0.0,0.0,10.0,0,0,0,,0,0.0
Las Hermanas,las hermanas,adult_literary_drama,female,13,24,50,43,0.0,0.0,0.0,10.0,0,0,0,,0,0.0
Le Baiser de la fée,le baiser de la fee,romantic_tragedy,female,46,38,55,21,0.0,0.0,0.0,10.0,0,0,0,,0,0.0
Le Jeune Homme et la Mort,le jeune homme et la mort,adult_literary_drama,male,41,50,68,13,0.0,0.0,0.0,10.0,0,0,0,,0,0.0
Le Parc,le parc,contemporary,co,23,2,55,49,0.0,0.0,0.0,10.0,0,0,0,,0,0.0
Les Patineurs,les patineurs,classic_comedy,co,52,26,60,39,0.0,0.0,0.0,10.0,0,0,0,,0,0.0
Les Présages,les presages,contemporary,co,23,24,48,51,0.0,0.0,0.0,10.0,0,0,0,,0,0.0
Les Rendezvous,les rendezvous,classic_comedy,co,30,28,52,55,0.0,0.0,0.0,10.0,0,0,0,,0,0.0
Liebeslieder Walzer,liebeslieder walzer,contemporary,co,38,38,58,50,0.0,0.0,0.0,10.0,0,0,0,,0,0.0
Liliom,liliom,adult_literary_drama,male,54,12,52,49,0.0,0.0,0.0,10.0,0,0,0,,0,0.0
Limb's Theorem,limb's theorem,contemporary,co,54,28,48,2,0.0,0.0,0.0,10.0,0,0,0,,0,0.0
Limen,limen,contemporary,co,48,10,50,63,0.0,0.0,0.0,10.0,0,0,0,,0,0.0
Minus 16,minus 16,contemporary,co,100,3,65,51,0.0,0.0,0.0,10.0,0,0,0,,0,0.0
Misericordes,misericordes,contemporary,co,26,24,48,33,0.0,0.0,0.0,10.0,0,0,0,,0,0.0
Monotones I,monotones i,contemporary,co,28,22,55,52,0.0,0.0,0.0,10.0,0,0,0,,0,0.0
Monotones II,monotones ii,contemporary,co,28,24,55,52,0.0,0.0,0.0,10.0,0,0,0,,0,0.0
Movements for Piano and Orchestra,movements for piano and orchestra,contemporary,co,36,66,52,52,0.0,0.0,0.0,10.0,0,0,0,,0,0.0
Multiplicity – Forms of Silence and Emptiness,multiplicity - forms of silence and emptiness,contemporary,co,46,2,48,33,0.0,0.0,0.0,10.0,0,0,0,,0,0.0
Na Floresta,na floresta,contemporary,co,51,22,52,57,0.0,0.0,0.0,10.0,0,0,0,,0,0.0
No More Play,no more play,contemporary,co,79,5,55,99,0.0,0.0,0.0,10.0,0,0,0,,0,0.0
Odessa,odessa,contemporary,co,77,51,55,69,0.0,0.0,0.0,10.0,0,0,0,,0,0.0
On the Dnieper,on the dnieper,romantic_tragedy,co,71,28,52,100,0.0,0.0,0.0,10.0,0,0,0,,0,0.0
Ondine,ondine,romantic_tragedy,female,46,2,60,55,0.0,0.0,0.0,10.0,0,0,0,,0,0.0
"One Flat Thing, Reproduced",one flat thing reproduced,contemporary,co,54,52,65,78,0.0,0.0,0.0,10.0,0,0,0,,0,0.0
Other Dances,other dances,contemporary,co,31,24,58,40,0.0,0.0,0.0,10.0,0,0,0,,0,0.0
Pas/Parts,pasparts,contemporary,co,64,18,55,45,0.0,0.0,0.0,10.0,0,0,0,,0,0.0
Peer Gynt,peer gynt,adult_literary_drama,male,72,3,62,61,0.0,0.0,0.0,10.0,0,0,0,,0,0.0
Peter and the Wolf,peter and the wolf,family_classic,male,72,3,72,48,0.0,0.0,0.0,10.0,0,0,0,,0,0.0
Petite Mort,petite mort,contemporary,co,71,22,68,55,0.0,0.0,0.0,10.0,0,0,0,,0,0.0
Petrouchka,petrouchka,adult_literary_drama,male,66,20,70,56,0.0,0.0,0.0,10.0,0,0,0,,0,0.0
Poème de l'extase,poeme de l'extase,contemporary,co,52,34,50,20,0.0,0.0,0.0,10.0,0,0,0,,0,0.0
Polovtsian Dances,polovtsian dances,contemporary,co,60,34,65,52,0.0,0.0,0.0,10.0,0,0,0,,0,0.0
Prodigal Son,prodigal son,adult_literary_drama,male,78,7,68,74,0.0,0.0,0.0,10.0,0,0,0,,0,0.0
Puss in Boots,puss in boots,family_classic,male,73,24,68,55,0.0,0.0,0.0,10.0,0,0,0,,0,0.0
Remanso,remanso,contemporary,co,29,14,50,41,0.0,0.0,0.0,10.0,0,0,0,,0,0.0
Requiem (MacMillan),requiem macmillan,contemporary,co,29,38,55,66,0.0,0.0,0.0,10.0,0,0,0,,0,0.0
Requiem for a Rose,requiem for a rose,contemporary,co,59,36,48,66,0.0,0.0,0.0,10.0,0,0,0,,0,0.0
Rhapsody,rhapsody,contemporary,co,53,57,60,75,0.0,0.0,0.0,10.0,0,0,0,,0,0.0
Russian Seasons,russian seasons,contemporary,co,32,30,52,36,0.0,0.0,0.0,10.0,0,0,0,,0,0.0
Scenes de Ballet,scenes de ballet,contemporary,co,25,32,55,69,0.0,0.0,0.0,10.0,0,0,0,,0,0.0
Sechs Tänze,sechs tanze,classic_comedy,co,78,2,55,25,0.0,0.0,0.0,10.0,0,0,0,,0,0.0
Secus,secus,contemporary,co,30,10,45,4,0.0,0.0,0.0,10.0,0,0,0,,0,0.0
Seven Sonatas,seven sonatas,contemporary,co,74,26,55,42,0.0,0.0,0.0,10.0,0,0,0,,0,0.0
Shostakovich Trilogy,shostakovich trilogy,contemporary,co,80,2,52,54,0.0,0.0,0.0,10.0,0,0,0,,0,0.0
Sinfonietta,sinfonietta,contemporary,co,39,22,58,34,0.0,0.0,0.0,10.0,0,0,0,,0,0.0
Sleepless,sleepless,adult_literary_drama,co,79,7,50,70,0.0,0.0,0.0,10.0,0,0,0,,0,0.0
Snow White,snow white,family_classic,female,80,11,85,67,0.0,0.0,0.0,10.0,0,0,0,,0,0.0
Solo,solo,contemporary,co,55,59,48,83,0.0,0.0,0.0,10.0,0,0,0,,0,0.0
Spartacus,spartacus,adult_literary_drama,male,83,20,78,55,0.0,0.0,0.0,10.0,0,0,0,,0,0.0
Square Dance,square dance,contemporary,co,64,3,55,62,0.0,0.0,0.0,10.0,0,0,0,,0,0.0
Stepping Stones,stepping stones,contemporary,co,50,30,52,49,0.0,0.0,0.0,10.0,0,0,0,,0,0.0
Stravinsky Violin Concerto,stravinsky violin concerto,contemporary,co,49,52,60,42,0.0,0.0,0.0,10.0,0,0,0,,0,0.0
Sylvia,sylvia,classic_romance,female,46,71,72,60,0.0,0.0,0.0,10.0,0,0,0,,0,0.0
Symphonic Variations (Ashton),symphonic variations ashton,contemporary,co,36,58,58,43,0.0,0.0,0.0,10.0,0,0,0,,0,0.0
Symphony in C,symphony in c,contemporary,co,24,26,65,79,0.0,0.0,0.0,10.0,0,0,0,,0,0.0
Symphony in Three Movements,symphony in three movements,contemporary,co,43,2,55,38,0.0,0.0,0.0,10.0,0,0,0,,0,0.0
Symphony of Psalms,symphony of psalms,contemporary,co,52,36,52,33,0.0,0.0,0.0,10.0,0,0,0,,0,0.0
Tarantella,tarantella,contemporary,co,65,4,55,66,0.0,0.0,0.0,10.0,0,0,0,,0,0.0
Tchaikovsky Pas de Deux,tchaikovsky pas de deux,classic_romance,co,52,2,70,62,0.0,0.0,0.0,10.0,0,0,0,,0,0.0
Thais Pas de Deux,thais pas de deux,classic_romance,co,38,34,55,60,0.0,0.0,0.0,10.0,0,0,0,,0,0.0
The Age of Anxiety,the age of anxiety,contemporary,co,57,36,55,47,0.0,0.0,0.0,10.0,0,0,0,,0,0.0
The Bright Stream,the bright stream,classic_comedy,co,46,34,62,60,0.0,0.0,0.0,10.0,0,0,0,,0,0.0
The Bronze Horseman,the bronze horseman,adult_literary_drama,male,62,38,58,79,0.0,0.0,0.0,10.0,0,0,0,,0,0.0
The Cage,the cage,contemporary,female,31,69,58,44,0.0,0.0,0.0,10.0,0,0,0,,0,0.0
The Concert,the concert,classic_comedy,co,33,23,65,70,0.0,0.0,0.0,10.0,0,0,0,,0,0.0
The Contract,the contract,contemporary,co,75,52,48,73,0.0,0.0,0.0,10.0,0,0,0,,0,0.0
The Dream,the dream,classic_romance,co,74,70,68,64,0.0,0.0,0.0,10.0,0,0,0,,0,0.0
The Fiddle and the Drum,the fiddle and the drum,pop_ip,co,44,2,55,35,0.0,0.0,0.0,10.0,0,0,0,,0,0.0
The Flames of Paris,the flames of paris,adult_literary_drama,co,57,38,62,42,0.0,0.0,0.0,10.0,0,0,0,,0,0.0
The Fountain of Bakhchisarai,the fountain of bakhchisarai,romantic_tragedy,female,40,56,60,94,0.0,0.0,0.0,10.0,0,0,0,,0,0.0
The Four Seasons (Robbins),the four seasons robbins,contemporary,co,51,52,65,78,0.0,0.0,0.0,10.0,0,0,0,,0,0.0
The Frog Prince,the frog prince,family_classic,male,69,2,65,42,0.0,0.0,0.0,10.0,0,0,0,,0,0.0
The Golden Age,the golden age,adult_literary_drama,co,72,9,58,74,0.0,0.0,0.0,10.0,0,0,0,,0,0.0
The Invitation,the invitation,adult_literary_drama,female,42,29,52,59,0.0,0.0,0.0,10.0,0,0,0,,0,0.0
The Jungle Book,the jungle book,family_classic,male,76,4,82,60,0.0,0.0,0.0,10.0,0,0,0,,0,0.0
The Little Humpbacked Horse,the little humpbacked horse,family_classic,male,34,54,68,82,0.0,0.0,0.0,10.0,0,0,0,,0,0.0
The Man in Black,the man in black,contemporary,male,38,6,55,90,0.0,0.0,0.0,10.0,0,0,0,,0,0.0
The Pharaoh's Daughter,the pharaoh's daughter,classic_romance,female,68,44,62,49,0.0,0.0,0.0,10.0,0,0,0,,0,0.0
The Pied Piper,the pied piper,family_classic,male,80,2,72,70,0.0,0.0,0.0,10.0,0,0,0,,0,0.0
The Prince & the Pauper,the prince the pauper,family_classic,male,68,46,68,55,0.0,0.0,0.0,10.0,0,0,0,,0,0.0
The Red Poppy,the red poppy,adult_literary_drama,female,48,2,55,49,0.0,0.0,0.0,10.0,0,0,0,,0,0.0
The Red Shoes,the red shoes,adult_literary_drama,female,73,3,72,90,0.0,0.0,0.0,10.0,0,0,0,,0,0.0
The Rite of Spring,the rite of spring,contemporary,co,74,2,82,43,0.0,0.0,0.0,10.0,0,0,0,,0,0.0
The Seagull,the seagull,adult_literary_drama,female,71,2,58,49,0.0,0.0,0.0,10.0,0,0,0,,0,0.0
The Seasons' Canon,the seasons' canon,contemporary,co,41,36,62,84,0.0,0.0,0.0,10.0,0,0,0,,0,0.0
The Secret Garden,the secret garden,family_classic,female,79,8,72,72,0.0,0.0,0.0,10.0,0,0,0,,0,0.0
The Sleeping Beauty,the sleeping beauty,classic_romance,female,77,4,90,82,0.0,0.0,0.0,10.0,0,0,0,,0,0.0
The Snow Maiden,the snow maiden,romantic_tragedy,female,55,30,58,33,0.0,0.0,0.0,10.0,0,0,0,,0,0.0
The Steadfast Tin Soldier,the steadfast tin soldier,family_classic,male,63,50,62,20,0.0,0.0,0.0,10.0,0,0,0,,0,0.0
The Two of Us,the two of us,contemporary,co,33,26,45,92,0.0,0.0,0.0,10.0,0,0,0,,0,0.0
Third Symphony of Gustav Mahler,third symphony of gustav mahler,contemporary,co,65,62,55,29,0.0,0.0,0.0,10.0,0,0,0,,0,0.0
Trois Gnossiennes,trois gnossiennes,contemporary,co,67,34,52,27,0.0,0.0,0.0,10.0,0,0,0,,0,0.0
Valse Fantaisie,valse fantaisie,contemporary,co,70,30,58,48,0.0,0.0,0.0,10.0,0,0,0,,0,0.0
Variations Sérieuses,variations serieuses,contemporary,co,43,40,52,57,0.0,0.0,0.0,10.0,0,0,0,,0,0.0
Vienna Waltzes,vienna waltzes,contemporary,co,50,28,62,45,0.0,0.0,0.0,10.0,0,0,0,,0,0.0
Watermill,watermill,contemporary,male,66,18,55,73,0.0,0.0,0.0,10.0,0,0,0,,0,0.0
Western Symphony,western symphony,contemporary,co,33,32,58,79,0.0,0.0,0.0,10.0,0,0,0,,0,0.0
Whereabouts Unknown,whereabouts unknown,contemporary,co,32,38,45,63,0.0,0.0,0.0,10.0,0,0,0,,0,0.0
Whipped Cream,whipped cream,family_classic,co,66,44,62,66,0.0,0.0,0.0,10.0,0,0,0,,0,0.0
Wings of Wax,wings of wax,contemporary,co,35,24,52,53,0.0,0.0,0.0,10.0,0,0,0,,0,0.0
Winter's Tale,winter's tale,romantic_tragedy,co,70,26,70,38,0.0,0.0,0.0,10.0,0,0,0,,0,0.0
